Target,Fold,Model,Observed,Predicted
reads,0,Linear,45571,186777.37426594034
reads,0,Linear,52170,238325.31538988597
reads,0,Linear,46733,29698.69315805442
reads,0,Linear,54126,-6640.688080167267
reads,0,Linear,64258,46200.48071974366
reads,0,Linear,44858,75350.51377860064
reads,0,Linear,408549,94130.66364354757
reads,0,Linear,342266,92104.9649417593
reads,0,Linear,60525,144829.3201770982
reads,0,Linear,72569,166754.76463543024
reads,0,Linear,142616,121151.40767986442
reads,0,Linear,103466,43528.745813595364
reads,0,Linear,43948,170811.54685576717
reads,0,Linear,66002,167835.6234966779
reads,0,Linear,60337,113095.33166923434
reads,0,Linear,63232,269201.5226853225
reads,0,Linear,83017,74978.92815615884
reads,0,Linear,49853,72142.28964356304
reads,0,Linear,45306,-26346.481000080545
reads,0,Linear,53179,59224.05038414935
reads,0,Linear,56140,90482.66389133305
reads,0,Linear,86438,26367.02534222514
reads,0,Linear,9716,52559.80166522556
reads,0,Linear,71027,393413.3862027844
reads,0,Linear,63092,165340.89772620634
reads,0,Linear,49702,116428.81430568235
reads,0,Linear,44130,175214.32233901042
reads,0,Linear,61099,32265.67429780103
reads,0,Linear,65736,54697.18403526376
reads,0,Linear,46956,53931.95099314295
reads,0,Ridge,45571,69502.83513502375
reads,0,Ridge,52170,103966.67694544008
reads,0,Ridge,46733,60001.6013653685
reads,0,Ridge,54126,67532.22812423011
reads,0,Ridge,64258,107124.56240746952
reads,0,Ridge,44858,123823.82859704754
reads,0,Ridge,408549,120186.7760279456
reads,0,Ridge,342266,139164.16708189057
reads,0,Ridge,60525,131351.7478238189
reads,0,Ridge,72569,131009.43428081185
reads,0,Ridge,142616,125945.53004283251
reads,0,Ridge,103466,128135.81297153526
reads,0,Ridge,43948,157971.9382915409
reads,0,Ridge,66002,126204.17100716231
reads,0,Ridge,60337,107779.25914056551
reads,0,Ridge,63232,146244.61888282574
reads,0,Ridge,83017,72757.77395096113
reads,0,Ridge,49853,105065.41182580855
reads,0,Ridge,45306,119991.11276223762
reads,0,Ridge,53179,113663.57337116616
reads,0,Ridge,56140,106765.37569141018
reads,0,Ridge,86438,111669.49052695147
reads,0,Ridge,9716,110856.32976025967
reads,0,Ridge,71027,179064.36427136528
reads,0,Ridge,63092,120926.0806524063
reads,0,Ridge,49702,125579.09431853138
reads,0,Ridge,44130,8143.180201647381
reads,0,Ridge,61099,107051.09062914974
reads,0,Ridge,65736,118802.87981495161
reads,0,Ridge,46956,107515.05963720873
reads,0,RF,45571,62767.56608573371
reads,0,RF,52170,78039.91756195197
reads,0,RF,46733,124184.4211174798
reads,0,RF,54126,56728.93998634699
reads,0,RF,64258,57916.504536546796
reads,0,RF,44858,76585.01951963315
reads,0,RF,408549,65199.51808194584
reads,0,RF,342266,93890.21475097127
reads,0,RF,60525,108250.89758076641
reads,0,RF,72569,125406.75722782771
reads,0,RF,142616,91623.98622265237
reads,0,RF,103466,129584.32501875902
reads,0,RF,43948,149012.69759060384
reads,0,RF,66002,118929.54841390553
reads,0,RF,60337,60114.91879557941
reads,0,RF,63232,96705.81850932397
reads,0,RF,83017,68666.98793027808
reads,0,RF,49853,74172.26304066768
reads,0,RF,45306,92177.24915789768
reads,0,RF,53179,78517.18891440505
reads,0,RF,56140,65522.74298154623
reads,0,RF,86438,79098.31519351482
reads,0,RF,9716,68435.56353328617
reads,0,RF,71027,150294.55326211284
reads,0,RF,63092,63688.63400113776
reads,0,RF,49702,88795.33850735375
reads,0,RF,44130,145282.3471622544
reads,0,RF,61099,72710.61181610059
reads,0,RF,65736,83974.70414803253
reads,0,RF,46956,91063.1725682512
reads,0,XGBoost,45571,87570.453125
reads,0,XGBoost,52170,102975.0078125
reads,0,XGBoost,46733,173692.8125
reads,0,XGBoost,54126,65851.484375
reads,0,XGBoost,64258,59875.26953125
reads,0,XGBoost,44858,75460.53125
reads,0,XGBoost,408549,75987.8359375
reads,0,XGBoost,342266,75486.9296875
reads,0,XGBoost,60525,79160.8671875
reads,0,XGBoost,72569,12257.189453125
reads,0,XGBoost,142616,71073.765625
reads,0,XGBoost,103466,97284.71875
reads,0,XGBoost,43948,158099.046875
reads,0,XGBoost,66002,150629.171875
reads,0,XGBoost,60337,66274.1796875
reads,0,XGBoost,63232,69467.171875
reads,0,XGBoost,83017,76284.8828125
reads,0,XGBoost,49853,70482.90625
reads,0,XGBoost,45306,34589.23828125
reads,0,XGBoost,53179,103164.9609375
reads,0,XGBoost,56140,52416.98828125
reads,0,XGBoost,86438,70105.578125
reads,0,XGBoost,9716,52935.36328125
reads,0,XGBoost,71027,46397.546875
reads,0,XGBoost,63092,74555.0390625
reads,0,XGBoost,49702,97296.703125
reads,0,XGBoost,44130,56137.2890625
reads,0,XGBoost,61099,67734.7890625
reads,0,XGBoost,65736,34629.90625
reads,0,XGBoost,46956,66347.390625
reads,0,LightGBM,45571,105633.33333333333
reads,0,LightGBM,52170,105633.33333333333
reads,0,LightGBM,46733,105633.33333333333
reads,0,LightGBM,54126,105633.33333333333
reads,0,LightGBM,64258,105633.33333333333
reads,0,LightGBM,44858,105633.33333333333
reads,0,LightGBM,408549,105633.33333333333
reads,0,LightGBM,342266,105633.33333333333
reads,0,LightGBM,60525,105633.33333333333
reads,0,LightGBM,72569,105633.33333333333
reads,0,LightGBM,142616,105633.33333333333
reads,0,LightGBM,103466,105633.33333333333
reads,0,LightGBM,43948,105633.33333333333
reads,0,LightGBM,66002,105633.33333333333
reads,0,LightGBM,60337,105633.33333333333
reads,0,LightGBM,63232,105633.33333333333
reads,0,LightGBM,83017,105633.33333333333
reads,0,LightGBM,49853,105633.33333333333
reads,0,LightGBM,45306,105633.33333333333
reads,0,LightGBM,53179,105633.33333333333
reads,0,LightGBM,56140,105633.33333333333
reads,0,LightGBM,86438,105633.33333333333
reads,0,LightGBM,9716,105633.33333333333
reads,0,LightGBM,71027,105633.33333333333
reads,0,LightGBM,63092,105633.33333333333
reads,0,LightGBM,49702,105633.33333333333
reads,0,LightGBM,44130,105633.33333333333
reads,0,LightGBM,61099,105633.33333333333
reads,0,LightGBM,65736,105633.33333333333
reads,0,LightGBM,46956,105633.33333333333
reads,0,GAM,45571,90861.07167551274
reads,0,GAM,52170,167581.39891070977
reads,0,GAM,46733,70088.78567554119
reads,0,GAM,54126,35699.51738183057
reads,0,GAM,64258,66012.2913400992
reads,0,GAM,44858,86051.1530148965
reads,0,GAM,408549,129599.65319763924
reads,0,GAM,342266,136482.11084309174
reads,0,GAM,60525,170182.23676471127
reads,0,GAM,72569,118842.87244318175
reads,0,GAM,142616,166233.2019645117
reads,0,GAM,103466,145663.84673681483
reads,0,GAM,43948,216633.49084572916
reads,0,GAM,66002,139368.42000288522
reads,0,GAM,60337,84758.48969273278
reads,0,GAM,63232,199500.86750452002
reads,0,GAM,83017,116832.46301938292
reads,0,GAM,49853,103634.90384655254
reads,0,GAM,45306,102146.1595713289
reads,0,GAM,53179,160890.9674349121
reads,0,GAM,56140,101680.15901263924
reads,0,GAM,86438,22523.197405003026
reads,0,GAM,9716,85358.65922021352
reads,0,GAM,71027,240898.47533633834
reads,0,GAM,63092,117530.00770918095
reads,0,GAM,49702,165279.38725954967
reads,0,GAM,44130,-140489.76968235592
reads,0,GAM,61099,116353.68542390899
reads,0,GAM,65736,91068.18534898674
reads,0,GAM,46956,124692.58710792148
reads,1,Linear,126543,53336.80445984822
reads,1,Linear,60794,46323.1814662836
reads,1,Linear,46414,32933.8711087195
reads,1,Linear,25403,115118.31528540995
reads,1,Linear,46027,41592.03570613233
reads,1,Linear,65715,31156.896175612856
reads,1,Linear,609524,81419.14092523837
reads,1,Linear,247319,52502.41612990178
reads,1,Linear,31923,128568.76373186495
reads,1,Linear,72088,102145.47431676081
reads,1,Linear,192597,98140.38221706166
reads,1,Ridge,126543,60824.134552306146
reads,1,Ridge,60794,58668.66314606604
reads,1,Ridge,46414,55314.13365207764
reads,1,Ridge,25403,79934.73605895572
reads,1,Ridge,46027,68700.32042078796
reads,1,Ridge,65715,71367.51492636582
reads,1,Ridge,609524,82700.44229417747
reads,1,Ridge,247319,78667.15257430577
reads,1,Ridge,31923,106859.64874858686
reads,1,Ridge,72088,92389.73904154866
reads,1,Ridge,192597,87161.62276550382
reads,1,RF,126543,55521.19040503691
reads,1,RF,60794,60534.9593743677
reads,1,RF,46414,52264.80944460798
reads,1,RF,25403,96870.15232028154
reads,1,RF,46027,64713.03234157885
reads,1,RF,65715,58670.86699989474
reads,1,RF,609524,72841.2896627275
reads,1,RF,247319,81621.36203266057
reads,1,RF,31923,73885.47001592063
reads,1,RF,72088,74366.78838914016
reads,1,RF,192597,92076.46056009151
reads,1,XGBoost,126543,67809.890625
reads,1,XGBoost,60794,49417.609375
reads,1,XGBoost,46414,56060.9140625
reads,1,XGBoost,25403,54522.21875
reads,1,XGBoost,46027,63741.078125
reads,1,XGBoost,65715,52709.05859375
reads,1,XGBoost,609524,66006.7109375
reads,1,XGBoost,247319,41170.48046875
reads,1,XGBoost,31923,68268.0859375
reads,1,XGBoost,72088,62437.078125
reads,1,XGBoost,192597,58816.38671875
reads,1,LightGBM,126543,76585.67567567568
reads,1,LightGBM,60794,76585.67567567568
reads,1,LightGBM,46414,76585.67567567568
reads,1,LightGBM,25403,76585.67567567568
reads,1,LightGBM,46027,76585.67567567568
reads,1,LightGBM,65715,76585.67567567568
reads,1,LightGBM,609524,76585.67567567568
reads,1,LightGBM,247319,76585.67567567568
reads,1,LightGBM,31923,76585.67567567568
reads,1,LightGBM,72088,76585.67567567568
reads,1,LightGBM,192597,76585.67567567568
reads,1,GAM,126543,50790.35895073017
reads,1,GAM,60794,51678.18656673947
reads,1,GAM,46414,10261.087389880602
reads,1,GAM,25403,114296.54590797205
reads,1,GAM,46027,28305.287229294598
reads,1,GAM,65715,17931.841960479764
reads,1,GAM,609524,125697.74467896811
reads,1,GAM,247319,68928.54962390815
reads,1,GAM,31923,115756.15197662677
reads,1,GAM,72088,100870.41217082001
reads,1,GAM,192597,90723.35005810153
reads,2,Linear,68455,37732.83662786725
reads,2,Linear,65040,87021.94891839716
reads,2,Linear,4623,59794.24579632748
reads,2,Linear,50657,17473.202412316634
reads,2,Linear,51314,17184.017768651902
reads,2,Linear,73611,-43317.550703573565
reads,2,Linear,63353,100325.17191954123
reads,2,Ridge,68455,82226.19293641517
reads,2,Ridge,65040,88038.30461073956
reads,2,Ridge,4623,71869.52495311518
reads,2,Ridge,50657,70145.46476085705
reads,2,Ridge,51314,53467.21875201419
reads,2,Ridge,73611,-13021.612305890623
reads,2,Ridge,63353,96445.64502428008
reads,2,RF,68455,70724.27053498905
reads,2,RF,65040,61882.18328770337
reads,2,RF,4623,57502.67033831958
reads,2,RF,50657,64449.54919413049
reads,2,RF,51314,59855.37204034584
reads,2,RF,73611,90644.81422459625
reads,2,RF,63353,79362.1676582059
reads,2,XGBoost,68455,46227.8984375
reads,2,XGBoost,65040,57683.234375
reads,2,XGBoost,4623,59743.30859375
reads,2,XGBoost,50657,52069.77734375
reads,2,XGBoost,51314,51824.9140625
reads,2,XGBoost,73611,58486.984375
reads,2,XGBoost,63353,76997.796875
reads,2,LightGBM,68455,37583.90775732597
reads,2,LightGBM,65040,109150.06687624197
reads,2,LightGBM,4623,54259.72315734965
reads,2,LightGBM,50657,50547.604451665524
reads,2,LightGBM,51314,47219.37669985191
reads,2,LightGBM,73611,33871.78905164185
reads,2,LightGBM,63353,105437.94817055788
reads,2,GAM,68455,39064.83367784451
reads,2,GAM,65040,100765.0241691821
reads,2,GAM,4623,17737.83100629681
reads,2,GAM,50657,15434.994219367567
reads,2,GAM,51314,-11865.211191558177
reads,2,GAM,73611,39073.251921149844
reads,2,GAM,63353,56289.15735105589
ZOTUs,0,Linear,1677,4199.507181016142
ZOTUs,0,Linear,1700,5227.977775021625
ZOTUs,0,Linear,1716,892.5336737463012
ZOTUs,0,Linear,1883,1342.205341240903
ZOTUs,0,Linear,2855,1871.652243273576
ZOTUs,0,Linear,1811,2277.799725234723
ZOTUs,0,Linear,6022,3272.2733968306216
ZOTUs,0,Linear,5812,2547.2330867769087
ZOTUs,0,Linear,2168,3789.599786562173
ZOTUs,0,Linear,2313,4942.663318283163
ZOTUs,0,Linear,4398,4281.146270903749
ZOTUs,0,Linear,2950,3063.436330302781
ZOTUs,0,Linear,1465,4063.024714661203
ZOTUs,0,Linear,2825,3851.7168359396774
ZOTUs,0,Linear,2449,3509.8358124662304
ZOTUs,0,Linear,3267,4753.918346447786
ZOTUs,0,Linear,3248,3961.7681491202766
ZOTUs,0,Linear,2242,2328.8237488841537
ZOTUs,0,Linear,1028,2322.475357771826
ZOTUs,0,Linear,1244,3257.6544333547254
ZOTUs,0,Linear,1054,3930.0311270778275
ZOTUs,0,Linear,1539,2320.4777387405584
ZOTUs,0,Linear,881,3046.188405111582
ZOTUs,0,Linear,2544,6409.325358714934
ZOTUs,0,Linear,2512,4188.793647765793
ZOTUs,0,Linear,2437,4013.325043964162
ZOTUs,0,Linear,2230,1564.615494164147
ZOTUs,0,Linear,2454,3095.53335398732
ZOTUs,0,Linear,2646,3146.722635467541
ZOTUs,0,Linear,2326,2367.645178029189
ZOTUs,0,Ridge,1677,2577.3916366913945
ZOTUs,0,Ridge,1700,3112.2739967972025
ZOTUs,0,Ridge,1716,2319.6829460321314
ZOTUs,0,Ridge,1883,2454.5437185895366
ZOTUs,0,Ridge,2855,2861.3022275636768
ZOTUs,0,Ridge,1811,3097.3233711868747
ZOTUs,0,Ridge,6022,3161.631660755614
ZOTUs,0,Ridge,5812,3230.002582890758
ZOTUs,0,Ridge,2168,3270.452378342551
ZOTUs,0,Ridge,2313,3474.8158455791695
ZOTUs,0,Ridge,4398,3474.35379503137
ZOTUs,0,Ridge,2950,3515.4072731923593
ZOTUs,0,Ridge,1465,3585.316618574746
ZOTUs,0,Ridge,2825,3172.6165683849304
ZOTUs,0,Ridge,2449,3069.5431032820975
ZOTUs,0,Ridge,3267,3511.4337964852557
ZOTUs,0,Ridge,3248,2898.7359859004277
ZOTUs,0,Ridge,2242,2888.39088530699
ZOTUs,0,Ridge,1028,3477.7947966375073
ZOTUs,0,Ridge,1244,3188.3361840484554
ZOTUs,0,Ridge,1054,3177.516540943683
ZOTUs,0,Ridge,1539,3183.162599784572
ZOTUs,0,Ridge,881,3194.001571955223
ZOTUs,0,Ridge,2544,3792.2432869797685
ZOTUs,0,Ridge,2512,3197.873223783293
ZOTUs,0,Ridge,2437,3423.4920009458547
ZOTUs,0,Ridge,2230,1810.6411248236227
ZOTUs,0,Ridge,2454,3144.9290124289514
ZOTUs,0,Ridge,2646,3277.669341292907
ZOTUs,0,Ridge,2326,2953.8149097702412
ZOTUs,0,RF,1677,2769.1496750471747
ZOTUs,0,RF,1700,3606.0095056055065
ZOTUs,0,RF,1716,2686.5421498640244
ZOTUs,0,RF,1883,2239.1122318792327
ZOTUs,0,RF,2855,2125.1669203712963
ZOTUs,0,RF,1811,2321.71623981574
ZOTUs,0,RF,6022,2519.1523271173273
ZOTUs,0,RF,5812,2433.0536793761803
ZOTUs,0,RF,2168,3100.440556665556
ZOTUs,0,RF,2313,3473.795527361527
ZOTUs,0,RF,4398,3802.9919290154303
ZOTUs,0,RF,2950,3828.068135364636
ZOTUs,0,RF,1465,3171.748361860362
ZOTUs,0,RF,2825,2798.816717449218
ZOTUs,0,RF,2449,2903.296917776668
ZOTUs,0,RF,3267,3884.6112058219564
ZOTUs,0,RF,3248,3477.13733515096
ZOTUs,0,RF,2242,2882.6684138084133
ZOTUs,0,RF,1028,3157.2977592962598
ZOTUs,0,RF,1244,3706.6360253357752
ZOTUs,0,RF,1054,3042.0670209512714
ZOTUs,0,RF,1539,3559.1025254467763
ZOTUs,0,RF,881,2897.165858863358
ZOTUs,0,RF,2544,3492.6997618353867
ZOTUs,0,RF,2512,3502.8821410672663
ZOTUs,0,RF,2437,3805.2441651265417
ZOTUs,0,RF,2230,2761.4314018897767
ZOTUs,0,RF,2454,3002.5543405760914
ZOTUs,0,RF,2646,2986.158626290377
ZOTUs,0,RF,2326,2667.174478979354
ZOTUs,0,XGBoost,1677,2848.718017578125
ZOTUs,0,XGBoost,1700,4080.96337890625
ZOTUs,0,XGBoost,1716,2772.64501953125
ZOTUs,0,XGBoost,1883,2196.451904296875
ZOTUs,0,XGBoost,2855,1654.4990234375
ZOTUs,0,XGBoost,1811,2177.981689453125
ZOTUs,0,XGBoost,6022,3381.07177734375
ZOTUs,0,XGBoost,5812,2227.76904296875
ZOTUs,0,XGBoost,2168,2532.595703125
ZOTUs,0,XGBoost,2313,1580.0684814453125
ZOTUs,0,XGBoost,4398,4071.310791015625
ZOTUs,0,XGBoost,2950,4076.756103515625
ZOTUs,0,XGBoost,1465,1836.9222412109375
ZOTUs,0,XGBoost,2825,2329.18798828125
ZOTUs,0,XGBoost,2449,2584.118896484375
ZOTUs,0,XGBoost,3267,4184.7001953125
ZOTUs,0,XGBoost,3248,4098.03173828125
ZOTUs,0,XGBoost,2242,2610.6728515625
ZOTUs,0,XGBoost,1028,2033.357177734375
ZOTUs,0,XGBoost,1244,4138.7294921875
ZOTUs,0,XGBoost,1054,2447.5908203125
ZOTUs,0,XGBoost,1539,4158.72216796875
ZOTUs,0,XGBoost,881,4158.03564453125
ZOTUs,0,XGBoost,2544,3135.885498046875
ZOTUs,0,XGBoost,2512,3793.35595703125
ZOTUs,0,XGBoost,2437,4086.959716796875
ZOTUs,0,XGBoost,2230,1968.2991943359375
ZOTUs,0,XGBoost,2454,2710.98779296875
ZOTUs,0,XGBoost,2646,2040.1920166015625
ZOTUs,0,XGBoost,2326,2415.123291015625
ZOTUs,0,LightGBM,1677,2997.8888888888887
ZOTUs,0,LightGBM,1700,2997.8888888888887
ZOTUs,0,LightGBM,1716,2997.8888888888887
ZOTUs,0,LightGBM,1883,2997.8888888888887
ZOTUs,0,LightGBM,2855,2997.8888888888887
ZOTUs,0,LightGBM,1811,2997.8888888888887
ZOTUs,0,LightGBM,6022,2997.8888888888887
ZOTUs,0,LightGBM,5812,2997.8888888888887
ZOTUs,0,LightGBM,2168,2997.8888888888887
ZOTUs,0,LightGBM,2313,2997.8888888888887
ZOTUs,0,LightGBM,4398,2997.8888888888887
ZOTUs,0,LightGBM,2950,2997.8888888888887
ZOTUs,0,LightGBM,1465,2997.8888888888887
ZOTUs,0,LightGBM,2825,2997.8888888888887
ZOTUs,0,LightGBM,2449,2997.8888888888887
ZOTUs,0,LightGBM,3267,2997.8888888888887
ZOTUs,0,LightGBM,3248,2997.8888888888887
ZOTUs,0,LightGBM,2242,2997.8888888888887
ZOTUs,0,LightGBM,1028,2997.8888888888887
ZOTUs,0,LightGBM,1244,2997.8888888888887
ZOTUs,0,LightGBM,1054,2997.8888888888887
ZOTUs,0,LightGBM,1539,2997.8888888888887
ZOTUs,0,LightGBM,881,2997.8888888888887
ZOTUs,0,LightGBM,2544,2997.8888888888887
ZOTUs,0,LightGBM,2512,2997.8888888888887
ZOTUs,0,LightGBM,2437,2997.8888888888887
ZOTUs,0,LightGBM,2230,2997.8888888888887
ZOTUs,0,LightGBM,2454,2997.8888888888887
ZOTUs,0,LightGBM,2646,2997.8888888888887
ZOTUs,0,LightGBM,2326,2997.8888888888887
ZOTUs,0,GAM,1677,3391.8502254715063
ZOTUs,0,GAM,1700,4510.790248898074
ZOTUs,0,GAM,1716,1996.6501581927332
ZOTUs,0,GAM,1883,2009.6752423300727
ZOTUs,0,GAM,2855,2105.1353118162874
ZOTUs,0,GAM,1811,2433.2175256029423
ZOTUs,0,GAM,6022,3636.0212853342464
ZOTUs,0,GAM,5812,3065.1321356061417
ZOTUs,0,GAM,2168,3951.31275411769
ZOTUs,0,GAM,2313,3776.237123372903
ZOTUs,0,GAM,4398,4548.975178309987
ZOTUs,0,GAM,2950,3912.4710222536664
ZOTUs,0,GAM,1465,4405.976476767095
ZOTUs,0,GAM,2825,3605.148976690802
ZOTUs,0,GAM,2449,3213.3587729864867
ZOTUs,0,GAM,3267,4539.761509983344
ZOTUs,0,GAM,3248,4247.914989186744
ZOTUs,0,GAM,2242,2744.013453225874
ZOTUs,0,GAM,1028,3536.659529977969
ZOTUs,0,GAM,1244,4376.348273642447
ZOTUs,0,GAM,1054,3795.55632449696
ZOTUs,0,GAM,1539,2220.360662121165
ZOTUs,0,GAM,881,3451.2887721141888
ZOTUs,0,GAM,2544,4751.71530826538
ZOTUs,0,GAM,2512,3747.598624760639
ZOTUs,0,GAM,2437,4412.606762335279
ZOTUs,0,GAM,2230,-879.058115986049
ZOTUs,0,GAM,2454,3630.829825777319
ZOTUs,0,GAM,2646,3249.6083571850468
ZOTUs,0,GAM,2326,3412.1084681645807
ZOTUs,1,Linear,3254,2352.748119491317
ZOTUs,1,Linear,1989,2391.3978448718854
ZOTUs,1,Linear,1726,2232.608816070786
ZOTUs,1,Linear,1344,3092.9882925012535
ZOTUs,1,Linear,1584,2335.4831214830983
ZOTUs,1,Linear,2275,1762.5863955861273
ZOTUs,1,Linear,8550,2816.5214563655463
ZOTUs,1,Linear,4392,2206.7788621677873
ZOTUs,1,Linear,1674,2464.9868624219803
ZOTUs,1,Linear,2497,2525.3887959815684
ZOTUs,1,Linear,4286,2590.6420509679606
ZOTUs,1,Ridge,3254,2408.8277337356544
ZOTUs,1,Ridge,1989,2410.8328835785615
ZOTUs,1,Ridge,1726,2319.930229113575
ZOTUs,1,Ridge,1344,2585.5179147114904
ZOTUs,1,Ridge,1584,2582.680259189917
ZOTUs,1,Ridge,2275,2410.6423060549455
ZOTUs,1,Ridge,8550,2641.0931302449458
ZOTUs,1,Ridge,4392,2521.494483921977
ZOTUs,1,Ridge,1674,2603.3989749366833
ZOTUs,1,Ridge,2497,2562.4536832269496
ZOTUs,1,Ridge,4286,2609.169525633451
ZOTUs,1,RF,3254,2035.5348141838294
ZOTUs,1,RF,1989,2438.138139561745
ZOTUs,1,RF,1726,2496.5762680837206
ZOTUs,1,RF,1344,2791.1358229211246
ZOTUs,1,RF,1584,2884.115446907224
ZOTUs,1,RF,2275,2284.6879106629854
ZOTUs,1,RF,8550,2732.032183834645
ZOTUs,1,RF,4392,2792.162679895512
ZOTUs,1,RF,1674,2342.7559229252033
ZOTUs,1,RF,2497,2377.171014434592
ZOTUs,1,RF,4286,2697.984922494726
ZOTUs,1,XGBoost,3254,1733.183837890625
ZOTUs,1,XGBoost,1989,2020.5728759765625
ZOTUs,1,XGBoost,1726,2490.29248046875
ZOTUs,1,XGBoost,1344,2773.895263671875
ZOTUs,1,XGBoost,1584,3140.347900390625
ZOTUs,1,XGBoost,2275,2094.283935546875
ZOTUs,1,XGBoost,8550,2996.144775390625
ZOTUs,1,XGBoost,4392,2346.12890625
ZOTUs,1,XGBoost,1674,2526.32373046875
ZOTUs,1,XGBoost,2497,2494.002197265625
ZOTUs,1,XGBoost,4286,2335.211669921875
ZOTUs,1,LightGBM,3254,2542.891891891892
ZOTUs,1,LightGBM,1989,2542.891891891892
ZOTUs,1,LightGBM,1726,2542.891891891892
ZOTUs,1,LightGBM,1344,2542.891891891892
ZOTUs,1,LightGBM,1584,2542.891891891892
ZOTUs,1,LightGBM,2275,2542.891891891892
ZOTUs,1,LightGBM,8550,2542.891891891892
ZOTUs,1,LightGBM,4392,2542.891891891892
ZOTUs,1,LightGBM,1674,2542.891891891892
ZOTUs,1,LightGBM,2497,2542.891891891892
ZOTUs,1,LightGBM,4286,2542.891891891892
ZOTUs,1,GAM,3254,2129.7796259849547
ZOTUs,1,GAM,1989,2125.969712296104
ZOTUs,1,GAM,1726,1948.804381007781
ZOTUs,1,GAM,1344,2916.3775344791634
ZOTUs,1,GAM,1584,2715.152329163535
ZOTUs,1,GAM,2275,1845.80188704055
ZOTUs,1,GAM,8550,3312.5161213819424
ZOTUs,1,GAM,4392,2495.692340154764
ZOTUs,1,GAM,1674,2369.4993317986177
ZOTUs,1,GAM,2497,2566.640172986041
ZOTUs,1,GAM,4286,2757.5530741130124
ZOTUs,2,Linear,2688,1758.8531526444376
ZOTUs,2,Linear,2663,2303.5163077707907
ZOTUs,2,Linear,831,2078.6239766536755
ZOTUs,2,Linear,4272,1571.1613814147554
ZOTUs,2,Linear,2290,1496.2704276042523
ZOTUs,2,Linear,3915,1351.295394391191
ZOTUs,2,Linear,3732,2769.2914821066665
ZOTUs,2,Ridge,2688,2448.978397922357
ZOTUs,2,Ridge,2663,2424.158528776061
ZOTUs,2,Ridge,831,2261.7691911532984
ZOTUs,2,Ridge,4272,2286.9908272710527
ZOTUs,2,Ridge,2290,2010.8778317754832
ZOTUs,2,Ridge,3915,1352.201865977158
ZOTUs,2,Ridge,3732,2619.237676576226
ZOTUs,2,RF,2688,2147.823700289063
ZOTUs,2,RF,2663,2237.193759987706
ZOTUs,2,RF,831,2097.5015447103624
ZOTUs,2,RF,4272,2117.7265813659847
ZOTUs,2,RF,2290,2138.5939610138357
ZOTUs,2,RF,3915,2404.808997601924
ZOTUs,2,RF,3732,2730.2951639236267
ZOTUs,2,XGBoost,2688,1811.0858154296875
ZOTUs,2,XGBoost,2663,2411.2880859375
ZOTUs,2,XGBoost,831,2016.6131591796875
ZOTUs,2,XGBoost,4272,2299.784423828125
ZOTUs,2,XGBoost,2290,1814.0772705078125
ZOTUs,2,XGBoost,3915,1452.333740234375
ZOTUs,2,XGBoost,3732,2512.788818359375
ZOTUs,2,LightGBM,2688,1948.0505808817595
ZOTUs,2,LightGBM,2663,2476.0588588631003
ZOTUs,2,LightGBM,831,2015.0515498407572
ZOTUs,2,LightGBM,4272,2182.8687600531243
ZOTUs,2,LightGBM,2290,1967.6395834041098
ZOTUs,2,LightGBM,3915,2115.8677910941265
ZOTUs,2,LightGBM,3732,2643.8760690754675
ZOTUs,2,GAM,2688,1960.3187594660417
ZOTUs,2,GAM,2663,2398.6719540943905
ZOTUs,2,GAM,831,1450.9713681466135
ZOTUs,2,GAM,4272,1533.089271507395
ZOTUs,2,GAM,2290,965.936837267176
ZOTUs,2,GAM,3915,1655.9711201350808
ZOTUs,2,GAM,3732,2166.136306766839
Monothalamida,0,Linear,8045,58607.742176120795
Monothalamida,0,Linear,10581,66279.58864534648
Monothalamida,0,Linear,9710,18643.883130577786
Monothalamida,0,Linear,11065,-6207.890423084424
Monothalamida,0,Linear,16492,9818.783012654805
Monothalamida,0,Linear,11287,21928.733270523997
Monothalamida,0,Linear,119586,24603.501119703236
Monothalamida,0,Linear,91943,23234.937643917612
Monothalamida,0,Linear,17101,36555.010169804336
Monothalamida,0,Linear,20143,36820.20758385477
Monothalamida,0,Linear,34035,28775.851971911972
Monothalamida,0,Linear,24333,10788.359975730607
Monothalamida,0,Linear,3538,41494.07474074586
Monothalamida,0,Linear,14040,42439.51982273591
Monothalamida,0,Linear,13377,26061.10523049558
Monothalamida,0,Linear,13599,67388.28076809128
Monothalamida,0,Linear,16524,19703.999178547252
Monothalamida,0,Linear,12983,20328.08130535859
Monothalamida,0,Linear,6045,-16692.728807450505
Monothalamida,0,Linear,10175,15361.195692372541
Monothalamida,0,Linear,12414,16729.2211028611
Monothalamida,0,Linear,13387,8416.752538231032
Monothalamida,0,Linear,2512,10089.43205605595
Monothalamida,0,Linear,16275,92740.61184371484
Monothalamida,0,Linear,14756,40759.69743218289
Monothalamida,0,Linear,10643,29320.02094345406
Monothalamida,0,Linear,9962,59875.226442389256
Monothalamida,0,Linear,15791,195.88774610768814
Monothalamida,0,Linear,15066,8306.71900490221
Monothalamida,0,Linear,11208,6189.554679036621
Monothalamida,0,Ridge,8045,18085.059513499375
Monothalamida,0,Ridge,10581,25734.898057773873
Monothalamida,0,Ridge,9710,16409.98331825874
Monothalamida,0,Ridge,11065,14673.73710631906
Monothalamida,0,Ridge,16492,25281.136870540813
Monothalamida,0,Ridge,11287,30460.33928932429
Monothalamida,0,Ridge,119586,29126.586330625512
Monothalamida,0,Ridge,91943,33674.515365577034
Monothalamida,0,Ridge,17101,31699.353166254026
Monothalamida,0,Ridge,20143,30427.238514660254
Monothalamida,0,Ridge,34035,30142.34680276684
Monothalamida,0,Ridge,24333,31349.45493825117
Monothalamida,0,Ridge,3538,38004.55264864262
Monothalamida,0,Ridge,14040,30381.179548132135
Monothalamida,0,Ridge,13377,25231.7774866534
Monothalamida,0,Ridge,13599,34697.79121581602
Monothalamida,0,Ridge,16524,17175.90606316298
Monothalamida,0,Ridge,12983,25604.811568377845
Monothalamida,0,Ridge,6045,27364.482310137995
Monothalamida,0,Ridge,10175,27610.782182448373
Monothalamida,0,Ridge,12414,24108.527360945973
Monothalamida,0,Ridge,13387,27257.564882864663
Monothalamida,0,Ridge,2512,25987.96332140857
Monothalamida,0,Ridge,16275,41472.83870136597
Monothalamida,0,Ridge,14756,28725.6932837021
Monothalamida,0,Ridge,10643,30388.00507245594
Monothalamida,0,Ridge,9962,3306.8280197982713
Monothalamida,0,Ridge,15791,23968.75600931892
Monothalamida,0,Ridge,15066,27426.10860539114
Monothalamida,0,Ridge,11208,24073.82886747017
Monothalamida,0,RF,8045,13094.310693395477
Monothalamida,0,RF,10581,20622.948429709184
Monothalamida,0,RF,9710,37352.70823063601
Monothalamida,0,RF,11065,11350.863598318345
Monothalamida,0,RF,16492,13196.648568808952
Monothalamida,0,RF,11287,16463.95761049505
Monothalamida,0,RF,119586,14718.5423091797
Monothalamida,0,RF,91943,22615.254505932964
Monothalamida,0,RF,17101,28374.67999758019
Monothalamida,0,RF,20143,30004.330646570088
Monothalamida,0,RF,34035,26599.709516810977
Monothalamida,0,RF,24333,34192.63810098789
Monothalamida,0,RF,3538,48606.659131607295
Monothalamida,0,RF,14040,33562.95562830503
Monothalamida,0,RF,13377,12455.731313897199
Monothalamida,0,RF,13599,25365.632812504173
Monothalamida,0,RF,16524,15827.725855361297
Monothalamida,0,RF,12983,16777.058330308566
Monothalamida,0,RF,6045,24673.617907597956
Monothalamida,0,RF,10175,20032.913020762582
Monothalamida,0,RF,12414,13857.991150260843
Monothalamida,0,RF,13387,16409.506503107998
Monothalamida,0,RF,2512,13398.817826534567
Monothalamida,0,RF,16275,38264.9078629759
Monothalamida,0,RF,14756,13017.08012617381
Monothalamida,0,RF,10643,23626.54005037186
Monothalamida,0,RF,9962,34697.4936045732
Monothalamida,0,RF,15791,17364.450671112212
Monothalamida,0,RF,15066,20242.04516682762
Monothalamida,0,RF,11208,17928.250731635024
Monothalamida,0,XGBoost,8045,11344.740234375
Monothalamida,0,XGBoost,10581,13293.78515625
Monothalamida,0,XGBoost,9710,67828.2109375
Monothalamida,0,XGBoost,11065,12010.3271484375
Monothalamida,0,XGBoost,16492,11582.5048828125
Monothalamida,0,XGBoost,11287,11216.650390625
Monothalamida,0,XGBoost,119586,12535.3857421875
Monothalamida,0,XGBoost,91943,12288.4365234375
Monothalamida,0,XGBoost,17101,12255.3603515625
Monothalamida,0,XGBoost,20143,3168.032958984375
Monothalamida,0,XGBoost,34035,11310.01171875
Monothalamida,0,XGBoost,24333,10728.697265625
Monothalamida,0,XGBoost,3538,67828.3359375
Monothalamida,0,XGBoost,14040,67828.3359375
Monothalamida,0,XGBoost,13377,13184.4326171875
Monothalamida,0,XGBoost,13599,11727.0380859375
Monothalamida,0,XGBoost,16524,12295.9931640625
Monothalamida,0,XGBoost,12983,12980.4462890625
Monothalamida,0,XGBoost,6045,10513.8251953125
Monothalamida,0,XGBoost,10175,12594.921875
Monothalamida,0,XGBoost,12414,11371.4033203125
Monothalamida,0,XGBoost,13387,11287.2666015625
Monothalamida,0,XGBoost,2512,11491.796875
Monothalamida,0,XGBoost,16275,3462.850341796875
Monothalamida,0,XGBoost,14756,11403.7294921875
Monothalamida,0,XGBoost,10643,11454.138671875
Monothalamida,0,XGBoost,9962,13928.388671875
Monothalamida,0,XGBoost,15791,13271.6025390625
Monothalamida,0,XGBoost,15066,11431.8603515625
Monothalamida,0,XGBoost,11208,12365.62890625
Monothalamida,0,LightGBM,8045,24754.055555555555
Monothalamida,0,LightGBM,10581,24754.055555555555
Monothalamida,0,LightGBM,9710,24754.055555555555
Monothalamida,0,LightGBM,11065,24754.055555555555
Monothalamida,0,LightGBM,16492,24754.055555555555
Monothalamida,0,LightGBM,11287,24754.055555555555
Monothalamida,0,LightGBM,119586,24754.055555555555
Monothalamida,0,LightGBM,91943,24754.055555555555
Monothalamida,0,LightGBM,17101,24754.055555555555
Monothalamida,0,LightGBM,20143,24754.055555555555
Monothalamida,0,LightGBM,34035,24754.055555555555
Monothalamida,0,LightGBM,24333,24754.055555555555
Monothalamida,0,LightGBM,3538,24754.055555555555
Monothalamida,0,LightGBM,14040,24754.055555555555
Monothalamida,0,LightGBM,13377,24754.055555555555
Monothalamida,0,LightGBM,13599,24754.055555555555
Monothalamida,0,LightGBM,16524,24754.055555555555
Monothalamida,0,LightGBM,12983,24754.055555555555
Monothalamida,0,LightGBM,6045,24754.055555555555
Monothalamida,0,LightGBM,10175,24754.055555555555
Monothalamida,0,LightGBM,12414,24754.055555555555
Monothalamida,0,LightGBM,13387,24754.055555555555
Monothalamida,0,LightGBM,2512,24754.055555555555
Monothalamida,0,LightGBM,16275,24754.055555555555
Monothalamida,0,LightGBM,14756,24754.055555555555
Monothalamida,0,LightGBM,10643,24754.055555555555
Monothalamida,0,LightGBM,9962,24754.055555555555
Monothalamida,0,LightGBM,15791,24754.055555555555
Monothalamida,0,LightGBM,15066,24754.055555555555
Monothalamida,0,LightGBM,11208,24754.055555555555
Monothalamida,0,GAM,8045,24350.26268505249
Monothalamida,0,GAM,10581,42329.47537386307
Monothalamida,0,GAM,9710,25868.72569240132
Monothalamida,0,GAM,11065,6489.156682448949
Monothalamida,0,GAM,16492,15386.084956124592
Monothalamida,0,GAM,11287,24021.417531285268
Monothalamida,0,GAM,119586,32006.215234728945
Monothalamida,0,GAM,91943,33888.08156190286
Monothalamida,0,GAM,17101,41844.99487513771
Monothalamida,0,GAM,20143,26549.586904061936
Monothalamida,0,GAM,34035,40975.21018771901
Monothalamida,0,GAM,24333,39354.85307927894
Monothalamida,0,GAM,3538,53255.092239159996
Monothalamida,0,GAM,14040,33982.23641528042
Monothalamida,0,GAM,13377,18841.651584670057
Monothalamida,0,GAM,13599,50032.04260493963
Monothalamida,0,GAM,16524,27605.18427551509
Monothalamida,0,GAM,12983,26555.143885063735
Monothalamida,0,GAM,6045,23399.367796398692
Monothalamida,0,GAM,10175,39457.71775040981
Monothalamida,0,GAM,12414,20515.55328279153
Monothalamida,0,GAM,13387,6637.194790175814
Monothalamida,0,GAM,2512,19665.916174998925
Monothalamida,0,GAM,16275,54351.209035458465
Monothalamida,0,GAM,14756,28032.72778810041
Monothalamida,0,GAM,10643,41849.61963350537
Monothalamida,0,GAM,9962,-45418.623690729284
Monothalamida,0,GAM,15791,23332.275992847528
Monothalamida,0,GAM,15066,19196.5056617679
Monothalamida,0,GAM,11208,27083.53661829951
Monothalamida,1,Linear,30574,11492.424381127528
Monothalamida,1,Linear,12388,10256.2340201623
Monothalamida,1,Linear,8734,7575.31112284104
Monothalamida,1,Linear,6726,32422.834534550137
Monothalamida,1,Linear,9899,8146.047980391093
Monothalamida,1,Linear,14729,3700.6633338812735
Monothalamida,1,Linear,135946,19796.41234935316
Monothalamida,1,Linear,62644,9084.685008839519
Monothalamida,1,Linear,9934,31019.73372870929
Monothalamida,1,Linear,11259,24800.001741340595
Monothalamida,1,Linear,67829,23539.62188671915
Monothalamida,1,Ridge,30574,13352.03816607012
Monothalamida,1,Ridge,12388,13113.051428639385
Monothalamida,1,Ridge,8734,12897.948771723288
Monothalamida,1,Ridge,6726,20177.106713591787
Monothalamida,1,Ridge,9899,15943.234936456753
Monothalamida,1,Ridge,14729,16219.900739535993
Monothalamida,1,Ridge,135946,20195.731221730435
Monothalamida,1,Ridge,62644,17904.02822361923
Monothalamida,1,Ridge,9934,25700.694171785995
Monothalamida,1,Ridge,11259,22068.01249391395
Monothalamida,1,Ridge,67829,20768.36948088417
Monothalamida,1,RF,30574,11274.0636530846
Monothalamida,1,RF,12388,12472.991952764089
Monothalamida,1,RF,8734,12689.692805860075
Monothalamida,1,RF,6726,25360.555828279288
Monothalamida,1,RF,9899,15035.793745818783
Monothalamida,1,RF,14729,12871.371207725871
Monothalamida,1,RF,135946,17186.567910012287
Monothalamida,1,RF,62644,17698.84131870943
Monothalamida,1,RF,9934,16260.141263466288
Monothalamida,1,RF,11259,16349.467998897526
Monothalamida,1,RF,67829,23424.879128768385
Monothalamida,1,XGBoost,30574,12707.140625
Monothalamida,1,XGBoost,12388,11313.4609375
Monothalamida,1,XGBoost,8734,14161.974609375
Monothalamida,1,XGBoost,6726,12171.6943359375
Monothalamida,1,XGBoost,9899,15198.4052734375
Monothalamida,1,XGBoost,14729,12836.23046875
Monothalamida,1,XGBoost,135946,14570.8251953125
Monothalamida,1,XGBoost,62644,11600.2587890625
Monothalamida,1,XGBoost,9934,13968.1591796875
Monothalamida,1,XGBoost,11259,13504.1396484375
Monothalamida,1,XGBoost,67829,16660.919921875
Monothalamida,1,LightGBM,30574,17879.108108108107
Monothalamida,1,LightGBM,12388,17879.108108108107
Monothalamida,1,LightGBM,8734,17879.108108108107
Monothalamida,1,LightGBM,6726,17879.108108108107
Monothalamida,1,LightGBM,9899,17879.108108108107
Monothalamida,1,LightGBM,14729,17879.108108108107
Monothalamida,1,LightGBM,135946,17879.108108108107
Monothalamida,1,LightGBM,62644,17879.108108108107
Monothalamida,1,LightGBM,9934,17879.108108108107
Monothalamida,1,LightGBM,11259,17879.108108108107
Monothalamida,1,LightGBM,67829,17879.108108108107
Monothalamida,1,GAM,30574,11335.709116168779
Monothalamida,1,GAM,12388,11463.106778838468
Monothalamida,1,GAM,8734,302.2820324044351
Monothalamida,1,GAM,6726,31873.322561013192
Monothalamida,1,GAM,9899,5333.577669880028
Monothalamida,1,GAM,14729,-198.00672407811908
Monothalamida,1,GAM,135946,30796.74570534149
Monothalamida,1,GAM,62644,13281.073015138609
Monothalamida,1,GAM,9934,26105.946795585653
Monothalamida,1,GAM,11259,24744.525013454197
Monothalamida,1,GAM,67829,22698.725167047618
Monothalamida,2,Linear,13963,7984.820378157354
Monothalamida,2,Linear,12825,22352.896806582125
Monothalamida,2,Linear,1328,13321.969932966127
Monothalamida,2,Linear,10845,2652.9782262994377
Monothalamida,2,Linear,10000,1931.5443718597053
Monothalamida,2,Linear,14004,-17606.43180760421
Monothalamida,2,Linear,11946,22846.404417520567
Monothalamida,2,Ridge,13963,19317.462553010675
Monothalamida,2,Ridge,12825,21251.874567033152
Monothalamida,2,Ridge,1328,16598.606091620182
Monothalamida,2,Ridge,10845,15970.582308981573
Monothalamida,2,Ridge,10000,11996.138363233174
Monothalamida,2,Ridge,14004,-7156.142454437017
Monothalamida,2,Ridge,11946,22583.012327244785
Monothalamida,2,RF,13963,15172.408356147995
Monothalamida,2,RF,12825,14491.046906006894
Monothalamida,2,RF,1328,12660.162033589217
Monothalamida,2,RF,10845,13752.883406674864
Monothalamida,2,RF,10000,12799.671151199707
Monothalamida,2,RF,14004,24439.148370041334
Monothalamida,2,RF,11946,18516.90002434342
Monothalamida,2,XGBoost,13963,10392.521484375
Monothalamida,2,XGBoost,12825,16604.244140625
Monothalamida,2,XGBoost,1328,11810.384765625
Monothalamida,2,XGBoost,10845,10382.7568359375
Monothalamida,2,XGBoost,10000,11559.927734375
Monothalamida,2,XGBoost,14004,9147.6513671875
Monothalamida,2,XGBoost,11946,22413.537109375
Monothalamida,2,LightGBM,13963,7762.9787372840365
Monothalamida,2,LightGBM,12825,23055.06628395975
Monothalamida,2,LightGBM,1328,10174.961238872642
Monothalamida,2,LightGBM,10845,11466.797929480164
Monothalamida,2,LightGBM,10000,10174.961238872642
Monothalamida,2,LightGBM,14004,9054.815427891559
Monothalamida,2,LightGBM,11946,24346.902974567274
Monothalamida,2,GAM,13963,8932.21744644372
Monothalamida,2,GAM,12825,24974.602229023614
Monothalamida,2,GAM,1328,2439.2378992325575
Monothalamida,2,GAM,10845,1510.5995092411067
Monothalamida,2,GAM,10000,-6160.872106924726
Monothalamida,2,GAM,14004,6337.3559604420025
Monothalamida,2,GAM,11946,11419.521991671836
